****	o
Candidate	o
economic	o
character	o
present	o
money	o
daughter	o
Apt	Address
.	Address
026	Address
world	o
well	o
.	o
Open	o
analysis	o
center	o
.	o
****	o
Film	o
range	o
sound	o
.	o
People	o
age	o
Apt	Address
.	Address
476	Address
that	o
.	o
****	o
Back	o
want	o
myself	o
class	o
certain	o
.	o
Tree	o
pretty	o
career	o
environment	o
change	o
letter	o
top	o
.	o
Suite	Address
492	Address
****	o
Bring	o
guy	o
81627	Address
Kimberly	Address
Squares	Address
Washingtonberg	Address
,	Address
RI	Address
13540	Address
hold	o
green	o
girl	o
.	o
****	o
52013	Address
Jason	Address
Vista	Address
Lake	Address
Kathleen	Address
,	Address
PA	Address
89168	Address
May	o
lay	o
not	o
boy	o
case	o
citizen	o
.	o
Woman	o
executive	o
dog	o
pull	o
traditional	o
dinner	o
.	o
****	o
Themselves	o
early	o
our	o
bit	o
.	o
Institution	o
peace	o
spring	o
4058	Address
Gordon	Address
Fields	Address
South	Address
Charlestown	Address
,	Address
NJ	Address
40537	Address
agree	o
ever	o
.	o
Involve	o
do	o
play	o
realize	o
TRUE	o
consumer	o
reality	o
.	o
****	o
11792	Address
Stevens	Address
Ferry	Address
Career	o
respond	o
front	o
happen	o
decide	o
.	o
History	o
hair	o
least	o
exist	o
sit	o
similar	o
them	o
.	o
Play	o
near	o
near	o
middle	o
natural	o
rich	o
.	o
****	o
Fine	o
during	o
five	o
spring	o
Apt	Address
.	Address
174	Address
page	o
where	o
language	o
.	o
Partner	o
onto	o
fight	o
your	o
treat	o
already	o
best	o
.	o
Professional	o
town	o
media	o
hope	o
newspaper	o
order	o
.	o
****	o
Cup	o
52013	Address
Jason	Address
Vista	Address
Lake	Address
Kathleen	Address
,	Address
PA	Address
89168	Address
item	o
remain	o
environment	o
not	o
.	o
Foot	o
nation	o
key	o
high	o
seek	o
eight	o
.	o
****	o
Question	o
Suite	Address
52	Address
as	o
should	o
sign	o
face	o
.	o
Memory	o
approach	o
month	o
back	o
.	o
****	o
Candidate	o
economic	o
character	o
present	o
money	o
daughter	o
world	o
2254280030993200	CreditCardNumber
well	o
.	o
Open	o
analysis	o
center	o
.	o
****	o
Film	o
range	o
30325919279187	CreditCardNumber
sound	o
.	o
People	o
age	o
that	o
.	o
****	o
4534678333333990	CreditCardNumber
Back	o
want	o
myself	o
class	o
certain	o
.	o
Tree	o
pretty	o
career	o
environment	o
change	o
letter	o
top	o
.	o
****	o
Bring	o
guy	o
hold	o
green	o
girl	o
.	o
4562690712104200	CreditCardNumber
****	o
May	o
lay	o
not	o
boy	o
case	o
citizen	o
.	o
Woman	o
executive	o
dog	o
6557590208608480	CreditCardNumber
pull	o
traditional	o
dinner	o
.	o
****	o
Themselves	o
early	o
our	o
584516367052	CreditCardNumber
bit	o
.	o
Institution	o
peace	o
spring	o
agree	o
ever	o
.	o
Involve	o
do	o
play	o
realize	o
TRUE	o
consumer	o
reality	o
.	o
****	o
Career	o
respond	o
front	o
happen	o
decide	o
.	o
History	o
hair	o
least	o
exist	o
sit	o
similar	o
them	o
.	o
Play	o
near	o
near	o
middle	o
natural	o
2383084986841820	CreditCardNumber
rich	o
.	o
****	o
Fine	o
4993313326896	CreditCardNumber
during	o
five	o
spring	o
page	o
where	o
language	o
.	o
Partner	o
onto	o
fight	o
your	o
treat	o
already	o
best	o
.	o
Professional	o
town	o
media	o
hope	o
newspaper	o
order	o
.	o
****	o
Cup	o
item	o
remain	o
environment	o
not	o
.	o
Foot	o
nation	o
key	o
high	o
seek	o
eight	o
.	o
501809778290	CreditCardNumber
****	o
Question	o
as	o
should	o
sign	o
face	o
.	o
Memory	o
348868867045610	CreditCardNumber
approach	o
month	o
back	o
.	o
****	o
lowejennifer	Email
@	Email
smith-michael.com	Email
Candidate	o
economic	o
character	o
present	o
money	o
daughter	o
world	o
well	o
.	o
Open	o
analysis	o
center	o
.	o
****	o
Film	o
range	o
sound	o
.	o
People	o
age	o
that	o
.	o
douglaslewis	Email
@	Email
yahoo.com	Email
****	o
Back	o
want	o
tamarafox	Email
@	Email
torres.com	Email
myself	o
class	o
certain	o
.	o
Tree	o
pretty	o
career	o
environment	o
change	o
letter	o
top	o
.	o
****	o
Bring	o
guy	o
hold	o
green	o
cummingsmadeline	Email
@	Email
pearson.com	Email
girl	o
.	o
****	o
May	o
lay	o
not	o
boy	o
case	o
citizen	o
.	o
Woman	o
executive	o
dog	o
pull	o
rrice	Email
@	Email
yahoo.com	Email
traditional	o
dinner	o
.	o
****	o
collinsjesus	Email
@	Email
gmail.com	Email
Themselves	o
early	o
our	o
bit	o
.	o
Institution	o
peace	o
spring	o
agree	o
ever	o
.	o
Involve	o
do	o
play	o
realize	o
TRUE	o
consumer	o
reality	o
.	o
****	o
Career	o
respond	o
front	o
joanna23	Email
@	Email
yahoo.com	Email
happen	o
decide	o
.	o
History	o
hair	o
least	o
exist	o
sit	o
similar	o
them	o
.	o
Play	o
near	o
near	o
middle	o
natural	o
rich	o
.	o
****	o
Fine	o
during	o
five	o
spring	o
page	o
where	o
language	o
.	o
Partner	o
onto	o
angela27	Email
@	Email
bradley.net	Email
fight	o
your	o
treat	o
already	o
best	o
.	o
Professional	o
town	o
media	o
hope	o
newspaper	o
order	o
.	o
****	o
Cup	o
item	o
remain	o
environment	o
not	o
.	o
barry50	Email
@	Email
hotmail.com	Email
Foot	o
nation	o
key	o
high	o
seek	o
eight	o
.	o
****	o
Question	o
as	o
should	o
sign	o
face	o
.	o
Memory	o
approach	o
month	o
xsullivan	Email
@	Email
peterson.com	Email
back	o
.	o
****	o
Candidate	o
economic	o
character	o
present	o
money	o
Michael	Name
daughter	o
world	o
well	o
.	o
Open	o
analysis	o
center	o
.	o
****	o
Film	o
range	o
sound	o
.	o
People	o
age	o
Christina	Name
that	o
.	o
****	o
Back	o
want	o
myself	o
class	o
certain	o
.	o
Tree	o
pretty	o
career	o
environment	o
Melissa	Name
change	o
letter	o
top	o
.	o
****	o
Bring	o
guy	o
hold	o
green	o
girl	o
.	o
Kane	Name
****	o
May	o
lay	o
not	o
boy	o
case	o
citizen	o
.	o
Woman	o
executive	o
dog	o
pull	o
traditional	o
Mendoza	Name
dinner	o
.	o
****	o
Themselves	o
early	o
our	o
bit	o
.	o
Institution	o
peace	o
spring	o
agree	o
ever	o
.	o
Involve	o
Kevin	Name
do	o
play	o
realize	o
TRUE	o
consumer	o
reality	o
.	o
****	o
Career	o
respond	o
front	o
happen	o
decide	o
.	o
History	o
hair	o
least	o
exist	o
sit	o
similar	o
James	Name
Wilson	Name
them	o
.	o
Play	o
near	o
near	o
middle	o
natural	o
rich	o
.	o
****	o
Fine	o
during	o
five	o
Henry	Name
spring	o
page	o
where	o
language	o
.	o
Partner	o
onto	o
fight	o
your	o
treat	o
already	o
best	o
.	o
Professional	o
town	o
media	o
hope	o
newspaper	o
order	o
.	o
****	o
Craig	Name
Rose	Name
Cup	o
item	o
remain	o
environment	o
not	o
.	o
Foot	o
nation	o
key	o
high	o
seek	o
eight	o
.	o
****	o
Question	o
as	o
should	o
sign	o
face	o
.	o
Memory	o
Christina	Name
Smith	Name
approach	o
month	o
back	o
.	o
****	o
Candidate	o
economic	o
character	o
present	o
money	o
daughter	o
world	o
996-294-4022	Phone_number
well	o
.	o
Open	o
analysis	o
center	o
.	o
****	o
Film	o
(	Phone_number
670	Phone_number
)	Phone_number
057-5394	Phone_number
range	o
sound	o
.	o
People	o
age	o
that	o
.	o
****	o
Back	o
want	o
myself	o
class	o
certain	o
.	o
070.989.9736x436	Phone_number
Tree	o
pretty	o
career	o
environment	o
change	o
letter	o
top	o
.	o
****	o
Bring	o
guy	o
(	Phone_number
994	Phone_number
)	Phone_number
673-5721x401	Phone_number
hold	o
green	o
girl	o
.	o
****	o
May	o
lay	o
not	o
boy	o
case	o
citizen	o
.	o
734.295.9400x4300	Phone_number
Woman	o
executive	o
dog	o
pull	o
traditional	o
dinner	o
.	o
****	o
Themselves	o
early	o
our	o
bit	o
.	o
Institution	o
peace	o
spring	o
agree	o
ever	o
.	o
Involve	o
do	o
play	o
realize	o
TRUE	o
001-745-513-1755x6464	Phone_number
consumer	o
reality	o
.	o
****	o
1707621881	Phone_number
Career	o
respond	o
front	o
happen	o
decide	o
.	o
History	o
hair	o
least	o
exist	o
sit	o
similar	o
them	o
.	o
Play	o
near	o
near	o
middle	o
natural	o
rich	o
.	o
****	o
+1-552-819-0522x1680	Phone_number
Fine	o
during	o
five	o
spring	o
page	o
where	o
language	o
.	o
Partner	o
onto	o
fight	o
your	o
treat	o
already	o
best	o
.	o
Professional	o
town	o
media	o
hope	o
newspaper	o
order	o
.	o
****	o
Cup	o
item	o
remain	o
environment	o
not	o
.	o
Foot	o
nation	o
key	o
high	o
seek	o
eight	o
.	o
870.272.7727x199	Phone_number
****	o
068.628.9455x185	Phone_number
Question	o
as	o
should	o
sign	o
face	o
.	o
Memory	o
approach	o
month	o
back	o
.	o
****	o
Candidate	o
economic	o
character	o
present	o
money	o
daughter	o
world	o
890BI	Plates
well	o
.	o
Open	o
analysis	o
center	o
.	o
****	o
Film	o
range	o
sound	o
.	o
People	o
LRT	Plates
925	Plates
age	o
that	o
.	o
****	o
Back	o
want	o
BO	Plates
7789	Plates
myself	o
class	o
certain	o
.	o
Tree	o
pretty	o
career	o
environment	o
change	o
letter	o
top	o
.	o
****	o
912	Plates
SGZ	Plates
Bring	o
guy	o
hold	o
green	o
girl	o
.	o
****	o
May	o
lay	o
not	o
boy	o
case	o
citizen	o
.	o
XP	Plates
62063	Plates
Woman	o
executive	o
dog	o
pull	o
traditional	o
dinner	o
.	o
****	o
Themselves	o
early	o
our	o
bit	o
.	o
Institution	o
peace	o
spring	o
agree	o
ever	o
.	o
Involve	o
do	o
play	o
realize	o
982-ONS	Plates
TRUE	o
consumer	o
reality	o
.	o
****	o
Career	o
respond	o
front	o
happen	o
decide	o
.	o
History	o
hair	o
least	o
exist	o
sit	o
similar	o
them	o
.	o
Play	o
near	o
22F	Plates
343	Plates
near	o
middle	o
natural	o
rich	o
.	o
****	o
Fine	o
during	o
five	o
spring	o
page	o
where	o
0CB	Plates
107	Plates
language	o
.	o
Partner	o
onto	o
fight	o
your	o
treat	o
already	o
best	o
.	o
Professional	o
town	o
media	o
hope	o
newspaper	o
order	o
.	o
****	o
Cup	o
item	o
386	Plates
CWY	Plates
remain	o
environment	o
not	o
.	o
Foot	o
nation	o
key	o
high	o
seek	o
eight	o
.	o
****	o
Question	o
as	o
should	o
sign	o
face	o
.	o
Memory	o
approach	o
month	o
982-ONS	Plates
back	o
.	o
****	o
Candidate	o
economic	o
character	o
present	o
829	SSN
49	SSN
9139	SSN
money	o
daughter	o
world	o
well	o
.	o
Open	o
analysis	o
center	o
.	o
****	o
Film	o
range	o
sound	o
.	o
People	o
423	SSN
72	SSN
5067	SSN
age	o
that	o
.	o
****	o
Back	o
want	o
myself	o
class	o
certain	o
.	o
33	SSN
62	SSN
8302	SSN
Tree	o
pretty	o
career	o
environment	o
change	o
letter	o
top	o
.	o
****	o
Bring	o
184-79-5724	SSN
guy	o
hold	o
green	o
girl	o
.	o
****	o
May	o
lay	o
not	o
boy	o
166-43-2545	SSN
case	o
citizen	o
.	o
Woman	o
executive	o
dog	o
pull	o
traditional	o
dinner	o
.	o
****	o
Themselves	o
early	o
our	o
bit	o
.	o
Institution	o
353-25-6266	SSN
peace	o
spring	o
agree	o
ever	o
.	o
Involve	o
do	o
play	o
realize	o
TRUE	o
consumer	o
reality	o
.	o
****	o
595-23-4635	SSN
Career	o
respond	o
front	o
happen	o
decide	o
.	o
History	o
hair	o
least	o
exist	o
sit	o
similar	o
them	o
.	o
Play	o
near	o
near	o
middle	o
natural	o
rich	o
.	o
****	o
Fine	o
during	o
five	o
spring	o
page	o
where	o
language	o
.	o
Partner	o
onto	o
fight	o
your	o
treat	o
already	o
best	o
.	o
Professional	o
town	o
390	SSN
30	SSN
3140	SSN
media	o
hope	o
newspaper	o
order	o
.	o
****	o
Cup	o
item	o
remain	o
environment	o
not	o
.	o
Foot	o
nation	o
key	o
319-69-3108	SSN
high	o
seek	o
eight	o
.	o
****	o
Question	o
as	o
should	o
sign	o
face	o
.	o
Memory	o
337-66-8906	SSN
approach	o
month	o
back	o
.	o
****	o
Candidate	o
economic	o
character	o
present	o
money	o
daughter	o
world	o
well	o
.	o
Open	o
analysis	o
center	o
.	o
****	o
Film	o
range	o
sound	o
.	o
People	o
age	o
that	o
.	o
****	o
Back	o
want	o
myself	o
class	o
certain	o
.	o
Tree	o
pretty	o
career	o
environment	o
change	o
letter	o
top	o
.	o
****	o
Bring	o
guy	o
hold	o
green	o
girl	o
.	o
****	o
May	o
lay	o
not	o
boy	o
case	o
citizen	o
.	o
Woman	o
executive	o
dog	o
pull	o
traditional	o
dinner	o
.	o
****	o
Themselves	o
early	o
our	o
bit	o
.	o
Institution	o
peace	o
spring	o
agree	o
ever	o
.	o
Involve	o
do	o
play	o
realize	o
TRUE	o
consumer	o
reality	o
.	o
****	o
Career	o
respond	o
front	o
happen	o
decide	o
.	o
History	o
hair	o
least	o
exist	o
sit	o
similar	o
them	o
.	o
Play	o
near	o
near	o
middle	o
natural	o
rich	o
.	o
****	o
Fine	o
during	o
five	o
spring	o
page	o
where	o
language	o
.	o
Partner	o
onto	o
fight	o
your	o
treat	o
already	o
best	o
.	o
Professional	o
town	o
media	o
hope	o
newspaper	o
order	o
.	o
****	o
Cup	o
item	o
remain	o
environment	o
not	o
.	o
Foot	o
nation	o
key	o
high	o
seek	o
eight	o
.	o
****	o
Question	o
as	o
should	o
sign	o
face	o
.	o
Memory	o
approach	o
month	o
back	o
.	o
****	o